page,department
Baures Municipality,Beni Department
Exaltación Municipality,Beni Department
Guayaramerín Municipality,Beni Department
Huacaraje Municipality,Beni Department
"Loreto Municipality, Beni",Beni Department
"Magdalena Municipality, Beni",Beni Department
Puerto Siles Municipality,Beni Department
Reyes Municipality,Beni Department
Riberalta Municipality,Beni Department
Rurrenabaque Municipality,Beni Department
"San Andrés Municipality, Beni",Beni Department
San Borja Municipality,Beni Department
"San Ignacio Municipality, Beni",Beni Department
"San Javier Municipality, Beni",Beni Department
"San Joaquín Municipality, Beni",Beni Department
"San Ramón Municipality, Beni",Beni Department
"Santa Ana Municipality, Beni",Beni Department
"Santa Rosa Municipality, Beni",Beni Department
"Trinidad Municipality, Beni",Beni Department
Aiquile Municipality,Cochabamba Department
Alalay Municipality,Cochabamba Department
Anzaldo Municipality,Cochabamba Department
Arani Municipality,Cochabamba Department
Arbieto Municipality,Cochabamba Department
Arque Municipality,Cochabamba Department
Ayopaya Municipality,Cochabamba Department
"Bolívar Municipality, Cochabamba",Cochabamba Department
Capinota Municipality,Cochabamba Department
Chimoré Municipality,Cochabamba Department
Cliza Municipality,Cochabamba Department
Cocapata Municipality,Cochabamba Department
Cochabamba Municipality,Cochabamba Department
Colcapirhua Municipality,Cochabamba Department
Colomi Municipality,Cochabamba Department
Cuchumuela Municipality,Cochabamba Department
"Entre Ríos Municipality, Cochabamba",Cochabamba Department
Mizque Municipality,Cochabamba Department
Morochata Municipality,Cochabamba Department
Villa Rivero Municipality,Cochabamba Department
Omereque Municipality,Cochabamba Department
Pasorapa Municipality,Cochabamba Department
Pocona Municipality,Cochabamba Department
Pojo Municipality,Cochabamba Department
Puerto Villarroel Municipality,Cochabamba Department
Punata Municipality,Cochabamba Department
Quillacollo Municipality,Cochabamba Department
Sacaba Municipality,Cochabamba Department
Sacabamba Municipality,Cochabamba Department
San Benito Municipality,Cochabamba Department
Santivañez Municipality,Cochabamba Department
Shinahota Municipality,Cochabamba Department
Sicaya Municipality,Cochabamba Department
Sipe Sipe Municipality,Cochabamba Department
Tacachi Municipality,Cochabamba Department
Tacopaya Municipality,Cochabamba Department
Tapacarí Municipality,Cochabamba Department
Tarata Municipality,Cochabamba Department
Tiquipaya Municipality,Cochabamba Department
Tiraque Municipality,Cochabamba Department
Toco Municipality,Cochabamba Department
Tolata Municipality,Cochabamba Department
Totora Municipality,Cochabamba Department
Vacas Municipality,Cochabamba Department
Vila Vila Municipality,Cochabamba Department
Villa Tunari Municipality,Cochabamba Department
Vinto Municipality,Cochabamba Department
Azurduy Municipality,Chuquisaca Department
"Camargo Municipality, Chuquisaca",Chuquisaca Department
Culpina Municipality,Chuquisaca Department
El Villar Municipality,Chuquisaca Department
Huacareta Municipality,Chuquisaca Department
Huacaya Municipality,Chuquisaca Department
Icla Municipality,Chuquisaca Department
Incahuasi Municipality,Chuquisaca Department
Mojocoya Municipality,Chuquisaca Department
Camataqui Municipality,Chuquisaca Department
Las Carreras Municipality,Chuquisaca Department
Macharetí Municipality,Chuquisaca Department
Monteagudo Municipality,Chuquisaca Department
"Padilla Municipality, Chuquisaca",Chuquisaca Department
Poroma Municipality,Chuquisaca Department
Presto Municipality,Chuquisaca Department
"San Lucas Municipality, Chuquisaca",Chuquisaca Department
Sopachuy Municipality,Chuquisaca Department
"Sucre Municipality, Bolivia",Chuquisaca Department
Tarabuco Municipality,Chuquisaca Department
Tomina Municipality,Chuquisaca Department
Villa Alcalá Municipality,Chuquisaca Department
Villa Abecia Municipality,Chuquisaca Department
Villa Charcas Municipality,Chuquisaca Department
Villa Serrano Municipality,Chuquisaca Department
Villa Vaca Guzmán Municipality,Chuquisaca Department
Villa Zudañez Municipality,Chuquisaca Department
Tarvita Municipality,Chuquisaca Department
Yotala Municipality,Chuquisaca Department
Yamparáez Municipality,Chuquisaca Department
Achacachi Municipality,"La Paz Department, Bolivia"
Achocalla Municipality,"La Paz Department, Bolivia"
Alto Beni Municipality,"La Paz Department, Bolivia"
Ancoraimes Municipality,"La Paz Department, Bolivia"
Apolo Municipality,"La Paz Department, Bolivia"
Aucapata Municipality,"La Paz Department, Bolivia"
Ayata Municipality,"La Paz Department, Bolivia"
Ayo Ayo Municipality,"La Paz Department, Bolivia"
Batallas Municipality,"La Paz Department, Bolivia"
Cairoma Municipality,"La Paz Department, Bolivia"
Cajuata Municipality,"La Paz Department, Bolivia"
Calacoto Municipality,"La Paz Department, Bolivia"
Calamarca Municipality,"La Paz Department, Bolivia"
Caquiaviri Municipality,"La Paz Department, Bolivia"
Caranavi Municipality,"La Paz Department, Bolivia"
Catacora Municipality,"La Paz Department, Bolivia"
Chacarilla Municipality,"La Paz Department, Bolivia"
Charaña Municipality,"La Paz Department, Bolivia"
Chúa Cocani Municipality,"La Paz Department, Bolivia"
Chulumani Municipality,"La Paz Department, Bolivia"
Chuma Municipality,"La Paz Department, Bolivia"
Collana Municipality,"La Paz Department, Bolivia"
Colquencha Municipality,"La Paz Department, Bolivia"
Colquiri Municipality,"La Paz Department, Bolivia"
Comanche Municipality,"La Paz Department, Bolivia"
Combaya Municipality,"La Paz Department, Bolivia"
"Copacabana Municipality, La Paz","La Paz Department, Bolivia"
Coripata Municipality,"La Paz Department, Bolivia"
Coro Coro Municipality,"La Paz Department, Bolivia"
Coroico Municipality,"La Paz Department, Bolivia"
Curva Municipality,"La Paz Department, Bolivia"
Desaguadero Municipality,"La Paz Department, Bolivia"
"El Alto Municipality, La Paz","La Paz Department, Bolivia"
Escoma Municipality,"La Paz Department, Bolivia"
General Juan José Pérez Municipality,"La Paz Department, Bolivia"
Guanay Municipality,"La Paz Department, Bolivia"
Guaqui Municipality,"La Paz Department, Bolivia"
Huatajata Municipality,"La Paz Department, Bolivia"
Huarina Municipality,"La Paz Department, Bolivia"
Humanata Municipality,"La Paz Department, Bolivia"
Ichoca Municipality,"La Paz Department, Bolivia"
Inquisivi Municipality,"La Paz Department, Bolivia"
Irupana Municipality,"La Paz Department, Bolivia"
Ixiamas Municipality,"La Paz Department, Bolivia"
Jesús de Machaca Municipality,"La Paz Department, Bolivia"
La Asunta Municipality,"La Paz Department, Bolivia"
"La Paz Municipality, Bolivia","La Paz Department, Bolivia"
Laja Municipality,"La Paz Department, Bolivia"
Licoma Pampa Municipality,"La Paz Department, Bolivia"
Luribay Municipality,"La Paz Department, Bolivia"
Malla Municipality,"La Paz Department, Bolivia"
Mecapaca Municipality,"La Paz Department, Bolivia"
Mocomoco Municipality,"La Paz Department, Bolivia"
Nazacara de Pacajes Municipality,"La Paz Department, Bolivia"
Palca Municipality,"La Paz Department, Bolivia"
Palos Blancos Municipality,"La Paz Department, Bolivia"
Papel Pampa Municipality,"La Paz Department, Bolivia"
Patacamaya Municipality,"La Paz Department, Bolivia"
Pelechuco Municipality,"La Paz Department, Bolivia"
Pucarani Municipality,"La Paz Department, Bolivia"
Puerto Acosta Municipality,"La Paz Department, Bolivia"
Puerto Carabuco Municipality,"La Paz Department, Bolivia"
Puerto Pérez Municipality,"La Paz Department, Bolivia"
Quiabaya Municipality,"La Paz Department, Bolivia"
Quime Municipality,"La Paz Department, Bolivia"
San Andrés de Machaca Municipality,"La Paz Department, Bolivia"
"San Buenaventura Municipality, La Paz","La Paz Department, Bolivia"
San Pedro de Curahuara Municipality,"La Paz Department, Bolivia"
San Pedro de Tiquina Municipality,"La Paz Department, Bolivia"
Santiago de Callapa Municipality,"La Paz Department, Bolivia"
Santiago de Huata Municipality,"La Paz Department, Bolivia"
Santiago de Machaca Municipality,"La Paz Department, Bolivia"
Sapahaqui Municipality,"La Paz Department, Bolivia"
Sica Sica Municipality,"La Paz Department, Bolivia"
Sorata Municipality,"La Paz Department, Bolivia"
Tacacoma Municipality,"La Paz Department, Bolivia"
Taraco Municipality,"La Paz Department, Bolivia"
Tiwanaku Municipality,"La Paz Department, Bolivia"
Tipuani Municipality,"La Paz Department, Bolivia"
Tito Yupanqui Municipality,"La Paz Department, Bolivia"
Umala Municipality,"La Paz Department, Bolivia"
Viacha Municipality,"La Paz Department, Bolivia"
Waldo Ballivián Municipality,"La Paz Department, Bolivia"
Yaco Municipality,"La Paz Department, Bolivia"
Yanacachi Municipality,"La Paz Department, Bolivia"
Andamarca Municipality,Oruro Department
Antequera Municipality,Oruro Department
Belén de Andamarca Municipality,Oruro Department
Caracollo Municipality,Oruro Department
Carangas Municipality,Oruro Department
Challapata Municipality,Oruro Department
Chipaya Municipality,Oruro Department
Choquecota Municipality,Oruro Department
Coipasa Municipality,Oruro Department
Corque Municipality,Oruro Department
Cruz de Machacamarca Municipality,Oruro Department
Curahuara de Carangas Municipality,Oruro Department
El Choro Municipality,Oruro Department
Escara Municipality,Oruro Department
Esmeralda Municipality,Oruro Department
Eucaliptus Municipality,Oruro Department
Huachacalla Municipality,Oruro Department
Huanuni Municipality,Oruro Department
Huayllamarca Municipality,Oruro Department
La Rivera Municipality,Oruro Department
Machacamarca Municipality,Oruro Department
Oruro Municipality,Oruro Department
Pampa Aullagas Municipality,Oruro Department
Pazña Municipality,Oruro Department
Sabaya Municipality,Oruro Department
Salinas de Garci Mendoza Municipality,Oruro Department
Santiago de Huari Municipality,Oruro Department
Santuario de Quillacas Municipality,Oruro Department
Todos Santos Municipality,Oruro Department
"Toledo Municipality, Oruro",Oruro Department
"Totora Municipality, Oruro",Oruro Department
Turco Municipality,Oruro Department
Poopó Municipality,Oruro Department
Yunguyo del Litoral Municipality,Oruro Department
Bella Flor Municipality,Pando Department
Bolpebra Municipality,Pando Department
Cobija Municipality,Pando Department
Filadelfia Municipality,Pando Department
Ingavi Municipality,Pando Department
Nueva Esperanza Municipality,Pando Department
Porvenir Municipality,Pando Department
Puerto Gonzalo Moreno Municipality,Pando Department
Puerto Rico Municipality,Pando Department
"San Lorenzo Municipality, Pando",Pando Department
"San Pedro Municipality, Pando",Pando Department
Santa Rosa del Abuná Municipality,Pando Department
Santos Mercado Municipality,Pando Department
Sena Municipality,Pando Department
Villa Nueva Municipality,Pando Department
Acasio Municipality,Potosí Department
Arampampa Municipality,Potosí Department
Atocha Municipality,Potosí Department
Betanzos Municipality,Potosí Department
"Caiza ""D"" Municipality",Potosí Department
Chochas Municipality,Potosí Department
Caripuyo Municipality,Potosí Department
Chaquí Municipality,Potosí Department
Chayanta Municipality,Potosí Department
Chuquihuta Municipality,Potosí Department
"Colcha ""K"" Municipality",Potosí Department
Colquechaca Municipality,Potosí Department
Cotagaita Municipality,Potosí Department
Llallagua Municipality,Potosí Department
Llica Municipality,Potosí Department
Mojinete Municipality,Potosí Department
Ocurí Municipality,Potosí Department
Pocoata Municipality,Potosí Department
Porco Municipality,Potosí Department
Potosí Municipality,Potosí Department
Puna Municipality,Potosí Department
Ravelo Municipality,Potosí Department
Sacaca Municipality,Potosí Department
San Agustín Municipality,Potosí Department
San Antonio de Esmoruco Municipality,Potosí Department
San Pablo de Lípez Municipality,Potosí Department
San Pedro de Buena Vista Municipality,Potosí Department
San Pedro de Quemes Municipality,Potosí Department
Tacobamba Municipality,Potosí Department
Tahua Municipality,Potosí Department
Tinguipaya Municipality,Potosí Department
Tomave Municipality,Potosí Department
Toro Toro Municipality,Potosí Department
Tupiza Municipality,Potosí Department
Uncía Municipality,Potosí Department
Urmiri Municipality,Potosí Department
Uyuni Municipality,Potosí Department
Villazón Municipality,Potosí Department
Vitichi Municipality,Potosí Department
Yocalla Municipality,Potosí Department
Ascensión de Guarayos Municipality,Santa Cruz Department (Bolivia)
"Ayacucho Municipality, Santa Cruz",Santa Cruz Department (Bolivia)
Boyuibe Municipality,Santa Cruz Department (Bolivia)
Buena Vista Municipality,Santa Cruz Department (Bolivia)
Cabezas Municipality,Santa Cruz Department (Bolivia)
Camiri Municipality,Santa Cruz Department (Bolivia)
Charagua Municipality,Santa Cruz Department (Bolivia)
Colpa Bélgica Municipality,Santa Cruz Department (Bolivia)
Comarapa Municipality,Santa Cruz Department (Bolivia)
Concepción Municipality,Santa Cruz Department (Bolivia)
Cotoca Municipality,Santa Cruz Department (Bolivia)
Cuatro Cañadas Municipality,Santa Cruz Department (Bolivia)
Cuevo Municipality,Santa Cruz Department (Bolivia)
El Carmen Rivero Tórrez Municipality,Santa Cruz Department (Bolivia)
"El Puente Municipality, Santa Cruz",Santa Cruz Department (Bolivia)
El Torno Municipality,Santa Cruz Department (Bolivia)
Fernández Alonso Municipality,Santa Cruz Department (Bolivia)
General Saavedra Municipality,Santa Cruz Department (Bolivia)
Gutiérrez Municipality,Santa Cruz Department (Bolivia)
La Guardia Municipality,Santa Cruz Department (Bolivia)
"Lagunillas Municipality, Santa Cruz",Santa Cruz Department (Bolivia)
Mairana Municipality,Santa Cruz Department (Bolivia)
Mineros Municipality,Santa Cruz Department (Bolivia)
Montero Municipality,Santa Cruz Department (Bolivia)
Moro Moro Municipality,Santa Cruz Department (Bolivia)
Okinawa Municipality,Santa Cruz Department (Bolivia)
Pailón Municipality,Santa Cruz Department (Bolivia)
Pampa Grande Municipality,Santa Cruz Department (Bolivia)
Portachuelo Municipality,Santa Cruz Department (Bolivia)
Postrer Valle Municipality,Santa Cruz Department (Bolivia)
Pucara Municipality,Santa Cruz Department (Bolivia)
Puerto Quijarro Municipality,Santa Cruz Department (Bolivia)
Puerto Suarez Municipality,Santa Cruz Department (Bolivia)
Quirusillas Municipality,Santa Cruz Department (Bolivia)
Roboré Municipality,Santa Cruz Department (Bolivia)
Saipina Municipality,Santa Cruz Department (Bolivia)
Samaipata Municipality,Santa Cruz Department (Bolivia)
San Antonio del Lomerío Municipality,Santa Cruz Department (Bolivia)
"San Carlos Municipality, Santa Cruz",Santa Cruz Department (Bolivia)
"San Ignacio Municipality, Santa Cruz",Santa Cruz Department (Bolivia)
"San Javier Municipality, Santa Cruz",Santa Cruz Department (Bolivia)
"San José Municipality, Santa Cruz",Santa Cruz Department (Bolivia)
"San Julián Municipality, Santa Cruz",Santa Cruz Department (Bolivia)
San Matías Municipality,Santa Cruz Department (Bolivia)
San Miguel Municipality,Santa Cruz Department (Bolivia)
"San Pedro, Santistevan",Santa Cruz Department (Bolivia)
"San Rafael Municipality, Santa Cruz",Santa Cruz Department (Bolivia)
"San Ramón Municipality, Santa Cruz",Santa Cruz Department (Bolivia)
Santa_Cruz_de_la_Sierra,Santa Cruz Department (Bolivia)
Santa Rosa del Sara Municipality,Santa Cruz Department (Bolivia)
Trigal Municipality,Santa Cruz Department (Bolivia)
Urubichá Municipality,Santa Cruz Department (Bolivia)
Vallegrande Municipality,Santa Cruz Department (Bolivia)
Warnes Municipality,Santa Cruz Department (Bolivia)
Yapacaní Municipality,Santa Cruz Department (Bolivia)
Bermejo Municipality,Tarija Department
Caraparí Municipality,Tarija Department
"El Puente Municipality, Tarija",Tarija Department
"Entre Ríos Municipality, Tarija",Tarija Department
Padcaya Municipality,Tarija Department
"San Lorenzo Municipality, Tarija",Tarija Department
Tarija Municipality,Tarija Department
Uriondo Municipality,Tarija Department
Villamontes Municipality,Tarija Department
Yacuiba Municipality,Tarija Department
Yunchará Municipality,Tarija Department
